Track URI,Track Name,Album Name,Artist Name(s),Release Date,Duration (ms),Popularity,Explicit,Added By,Added At,Genres,Record Label,Danceability,Energy,Key,Loudness,Mode,Speechiness,Acousticness,Instrumentalness,Liveness,Valence,Tempo,Time Signature
spotify:track:79t0exFoQU0jlcpBLJrqes,"Do It","Tuxedo","Tuxedo",2015-03-03,258502,51,false,1241482721,2023-04-13T19:58:45Z,"nu disco,funk,indie soul","Stones Throw Records",0.818,0.858,1,-4.219,0,0.0398,0.0638,0.245,0.256,0.753,119.609,4
spotify:track:3Dv1eDb0MEgF93GpLXlucZ,"Say So","Hot Pink","Doja Cat",2019-11-07,237893,75,true,1241482721,2023-04-13T19:58:58Z,"","Kemosabe Records/RCA Records",0.787,0.673,11,-4.583,0,0.159,0.264,0.00000335,0.0904,0.779,110.962,4
spotify:track:39LLxExYz6ewLAcYrzQQyP,"Levitating","Future Nostalgia","Dua Lipa",2020-03-27,203807,80,false,1241482721,2023-04-13T19:59:05Z,"pop","Warner Records",0.695,0.884,6,-2.278,0,0.0753,0.0561,0,0.213,0.914,103.014,4
spotify:track:57QPgMBLy5LeXryylkyh9X,"애정결핍","어서오세요 여름밤","Herz Analog",2014-06-26,290296,36,false,1241482721,2023-04-13T19:59:15Z,"","파스텔뮤직",0.729,0.398,7,-8.327,1,0.0285,0.341,0.0012,0.241,0.372,115.939,4
spotify:track:1xfu5RELA5t2E2KeOG2ePD,"How Do You Think","Q","CHEEZE",2016-06-16,205693,0,false,1241482721,2023-04-13T19:59:42Z,"k-ballad,k-pop","Magic Strawberry Sound",0.877,0.516,6,-6.045,1,0.0341,0.491,0,0.0908,0.884,100.965,4
spotify:track:1WT5I6vlWjYW2cnhR1UkVA,"Shut Up & Groove","And July","Heize;DEAN",2016-07-18,199281,44,false,1241482721,2023-04-13T19:59:52Z,"k-ballad,k-pop,k-rap","Genie Music Corporation",0.655,0.665,7,-4.785,1,0.036,0.0859,0,0.122,0.531,112.831,4
spotify:track:6K4t31amVTZDgR3sKmwUJJ,"The Less I Know The Better","Currents","Tame Impala",2015-07-17,216320,85,true,1241482721,2023-04-13T20:00:28Z,"neo-psychedelic,indie","Universal Music Australia Pty. Ltd.",0.64,0.74,4,-4.083,1,0.0284,0.0115,0.00678,0.167,0.785,116.879,4
spotify:track:3FtYbEfBqAlGO46NUDQSAt,"Electric Feel","Oracular Spectacular","MGMT",2007-12-14,229640,79,false,1241482721,2023-04-13T23:23:27Z,"indie","Red Ink/Columbia",0.763,0.803,1,-3.713,1,0.0351,0.0709,0.285,0.348,0.561,103.04,3
spotify:track:3PfIrDoz19wz7qK7tYeu62,"Don't Start Now","Future Nostalgia","Dua Lipa",2020-03-27,183290,82,false,1241482721,2023-04-13T20:04:26Z,"pop","Warner Records",0.793,0.793,11,-4.521,0,0.083,0.0123,0,0.0951,0.679,123.95,4
spotify:track:0VjIjW4GlUZAMYd2vXMi3b,"Blinding Lights","After Hours","The Weeknd",2020-03-20,200040,89,false,1241482721,2023-04-13T20:04:36Z,"","Republic Records",0.513,0.73,1,-5.94,1,0.0598,0.00143,0.0000954,0.0897,0.334,171.001,4
spotify:track:3DarAbFujv6eYNliUTyqtz,"Kiss Me More (feat. SZA)","Planet Her","Doja Cat;SZA",2021-06-25,208666,84,true,1241482721,2023-04-13T23:40:19Z,"r&b","Kemosabe Records/RCA Records",0.764,0.705,8,-3.463,1,0.0284,0.259,0.0000892,0.12,0.781,110.97,4
spotify:track:5r5cp9IpziiIsR6b93vcnQ,"Walking On A Dream","Walking On A Dream (10th Anniversary Edition)","Empire Of The Sun",2008-10-03,198440,84,false,1241482721,2023-04-13T23:40:15Z,"","EMI Recorded Music Australia Pty Ltd",0.871,0.701,5,-5.594,0,0.0458,0.257,0.00000752,0.0589,0.716,126.975,4
spotify:track:5QO79kh1waicV47BqGRL3g,"Save Your Tears","After Hours","The Weeknd",2020-03-20,215626,85,true,1241482721,2023-04-13T23:23:10Z,"","Republic Records",0.679,0.825,0,-5.487,1,0.0309,0.0212,0.0000121,0.543,0.644,118.049,4
spotify:track:0tZkVZ9DeAa0MNK2gY5NtV,"Baby I'm Yours","By Your Side","Breakbot;Irfane",2012-09-17,215506,67,false,1241482721,2023-04-13T23:22:48Z,"french house,nu disco","Ed Banger Records",0.829,0.792,2,-3.755,0,0.0668,0.726,0.00000583,0.122,0.758,118.05,4
spotify:track:0Yz3F0UGDibDe8uU69zmjn,"And July","And July","Heize;DEAN;dj friz",2016-07-18,226128,55,false,1241482721,2023-04-13T20:43:12Z,"k-ballad,k-pop,k-rap","Genie Music Corporation",0.734,0.852,2,-3.85,1,0.0916,0.0401,0,0.196,0.787,98.504,4
spotify:track:0K9rIsZfdlzAoOEWyeFQYM,"Plastic Love","Plastic Love","Friday Night Plans",2018-12-05,275891,53,false,1241482721,2023-04-13T21:05:28Z,"j-r&b,city pop,japanese indie","Friday Night Plans",0.833,0.618,0,-8.932,1,0.0564,0.64,0.00205,0.0969,0.863,103.507,4
spotify:track:4YY0J1e6xtffVfvxB2CNOo,"Your Touch","Klyne","Klyne",2017-06-30,208265,45,false,1241482721,2023-04-13T23:21:25Z,"indie soul","Because Music Ltd.",0.805,0.635,1,-5.596,1,0.0414,0.0525,0.000166,0.0994,0.467,116.982,4
spotify:track:79ZQoLroAAQYHM9sJ1kbGh,"Keeping Me Under","Keeping Me Under","Two Another",2016-02-11,218926,61,false,1241482721,2023-04-13T23:43:50Z,"indie soul","Two Another",0.794,0.549,2,-7.791,1,0.0874,0.135,0.000108,0.115,0.58,108.015,4
spotify:track:38MS1Ch2ckFL4O29UVg7Nh,"Dopamine","Dance Moves","Franc Moody",2018-03-27,243945,57,false,1241482721,2023-04-13T23:44:06Z,"nu disco","Juicebox Recordings",0.817,0.564,10,-7.779,0,0.0354,0.0984,0.803,0.356,0.558,125.034,4
spotify:track:1vMGIZbIkpaLSagdF2ygcV,"Music Sounds Better with You","Music Sounds Better with You","NEIL FRANCES",2017-07-21,198305,68,false,1241482721,2023-04-13T23:44:48Z,"indie soul","Nettwerk Music Group",0.927,0.525,8,-8.256,0,0.0667,0.274,0.238,0.0672,0.778,118.023,4
spotify:track:3OGSGJCdO1nbOrByhEuDus,"Skin on Skin","Dream in Colour","Franc Moody",2020-02-28,183896,52,false,1241482721,2023-04-13T23:44:59Z,"nu disco","Juicebox Recordings",0.872,0.748,6,-5.759,1,0.0955,0.361,0.00748,0.362,0.963,131.973,4
spotify:track:5obfIcAyf1TjmRIXY6kmj4,"Open Season","In Your Prime - EP","Josef Salvat",2014-09-19,243960,39,false,1241482721,2023-04-13T23:36:29Z,"","Columbia/Fingers & Thumbs",0.599,0.632,9,-6.305,1,0.0856,0.0175,0.000206,0.167,0.386,89.971,4
spotify:track:2cGxRwrMyEAp8dEbuZaVv6,"Instant Crush (feat. Julian Casablancas)","Random Access Memories","Daft Punk;Julian Casablancas",2013-05-20,337560,77,false,1241482721,2023-04-13T23:42:16Z,"french house,electronic,electro","Columbia",0.775,0.585,10,-9.516,0,0.0271,0.0422,0.619,0.077,0.518,109.942,4
spotify:track:1NeLwFETswx8Fzxl2AFl91,"Something About Us","Discovery","Daft Punk",2001-03-12,232666,72,false,1241482721,2023-04-13T23:42:38Z,"french house,electronic,electro","Daft Life Ltd./ADA France",0.875,0.475,9,-12.673,0,0.0986,0.44,0.72,0.046,0.384,99.958,4
spotify:track:3UJU85oCrKbHknII0qNzop,"Night Flight","Dream in Colour","Franc Moody",2020-02-28,241607,48,false,1241482721,2023-04-13T23:45:39Z,"nu disco","Juicebox Recordings",0.809,0.694,9,-7.002,1,0.0377,0.000913,0.419,0.194,0.638,121.991,4
spotify:track:6z4n862KhNJNWDYSn4aLL5,"Anomalie bleue","Tako Tsubo","L'Impératrice",2021-03-26,232178,48,false,1241482721,2023-04-20T18:20:00Z,"french indie pop,french house,french pop","microqlima",0.849,0.378,0,-11.972,0,0.0455,0.324,0.583,0.293,0.229,116.998,4
spotify:track:4vHNeBWDQpVCmGbaccrRzi,"Goodie Bag","Goodie Bag","Still Woozy",2017-11-05,146390,69,true,1241482721,2023-05-13T00:57:03Z,"bedroom pop","Still Woozy Productions Inc., under exclusive license to Interscope Records",0.739,0.522,7,-12.304,0,0.151,0.821,0.00124,0.233,0.619,138.263,4
spotify:track:6xRK103p6gJYRMf1knKanW,"Peur des filles - Montmartre Remix","Peur des filles (Montmartre Remix)","L'Impératrice;MONTMARTRE",2021-02-19,166106,37,false,1241482721,2023-06-02T23:27:36Z,"french indie pop,french house,french pop,nu disco","microqlima",0.767,0.777,1,-6.36,0,0.0924,0.0979,0.0133,0.0562,0.789,108.053,4
spotify:track:0Hy5csM0LflFU0vUU9wFpj,"Luv Is Not Enough","Luv Is Not Enough (Remixes)","Miami Horror;Forrest Mortifee",2020-07-27,197894,53,false,1241482721,2023-06-03T02:46:47Z,"nu disco,electroclash,indie dance","Nettwerk Music Group",0.706,0.541,8,-8.089,0,0.0531,0.297,0.00612,0.253,0.529,114.009,4
spotify:track:2fvdQ1Uq04qE4RLN5zKBXS,"Disco Yes","Geography","Tom Misch;Poppy Ajudha",2018-04-06,280878,59,false,1241482721,2024-01-22T23:34:33Z,"indie soul","Beyond The Groove 4",0.926,0.549,9,-6.63,0,0.0935,0.42,0.0399,0.298,0.666,123.044,4
